[{"@type":"mappingTemplate","id":"@1","name":"m_address_param","description":"","bundleVersion":"0","templateId":"@3","deployTime":1722615961000,"hasParameters":true,"valid":true,"fixedConnection":true,"hasParametersDeployed":true,"fixedConnectionDeployed":true,"isSchemaValidationEnabled":false,"tasks":1,"mappingPreviewFileRecordId":"@2","documentType":"MAPPING","references":[{"@type":"reference","refObjectId":"@1hG3fbnztSyjEkJdCqoKWs","refType":"connection"},{"@type":"reference","refObjectId":"@jQhWOrmHdY7d8r1sQ5DqyN","refType":"connection"}]}]