[{"@type":"mappingTemplate","id":"@1","name":"m_publish_records","description":"","autoExpireObject":false,"bundleVersion":"0","assetFrsGuid":"82v71g7JpsdlLmnvSt4mIG","templateId":"@3","deployTime":1734126121000,"hasParameters":true,"valid":true,"fixedConnection":true,"hasParametersDeployed":true,"fixedConnectionDeployed":true,"isSchemaValidationEnabled":false,"tasks":1,"mappingPreviewFileRecordId":"@2","documentType":"MAPPING","allowMaxFieldLength":false,"references":[{"@type":"reference","refObjectId":"@5a3XXyitcw8jwsDCl1J6iP","refType":"connection"}]}]