[{"@type":"mappingTemplate","id":"@1","name":"m_param_mapping","description":"","bundleVersion":"0","templateId":"@3","deployTime":1722293543000,"hasParameters":true,"valid":true,"fixedConnection":true,"hasParametersDeployed":true,"fixedConnectionDeployed":true,"isSchemaValidationEnabled":false,"tasks":1,"mappingPreviewFileRecordId":"@2","documentType":"MAPPING","references":[{"@type":"reference","refObjectId":"@6t1ScME6u2VjPupmZeNg6i","refType":"connection"},{"@type":"reference","refObjectId":"@1hG3fbnztSyjEkJdCqoKWs","refType":"connection"}]}]