[{"@type":"mappingTemplate","id":"@1","name":"m_get_records_ariba_5","description":"","autoExpireObject":false,"bundleVersion":"0","assetFrsGuid":"87VYcy5ccBzfBV6nU2exs4","templateId":"@3","deployTime":1734386685000,"hasParameters":false,"valid":true,"fixedConnection":true,"hasParametersDeployed":false,"fixedConnectionDeployed":true,"isSchemaValidationEnabled":false,"tasks":1,"mappingPreviewFileRecordId":"@2","documentType":"MAPPING","allowMaxFieldLength":false,"references":[{"@type":"reference","refObjectId":"@5a3XXyitcw8jwsDCl1J6iP","refType":"connection"},{"@type":"reference","refObjectId":"@1GdwzD73FmGc5Tj6Ou9wK6","refType":"connection"}]}]