<?xml version='1.0' encoding='UTF-8'?>
<DXArchiveData version="10.0.0" exportDate="2025-05-13T04:07:57" buildNumber="PERFORCE_REVISION_NOT_SET" headerChecksum="v1qr5fI5NdPztI3F4kOocGiWP16aF0x4oWsTs0fSaPDNI=">
<DIHTopic xmlIdentity="XmlDIHTopic-4721"><name>Adv_cert_topic</name><canonicalStructure><name>Adv_cert_topic</name><tables><columns><fieldType>INT32</fieldType><filterAccelerator>false</filterAccelerator><isEncrypted>false</isEncrypted><isRequired>false</isRequired><length>-1</length><name>PARTY_ID</name><precision>-1</precision><primaryKey>false</primaryKey><scale>-1</scale><stagingName>PARTY_ID</stagingName></columns><columns><fieldType>STRING</fieldType><filterAccelerator>false</filterAccelerator><isEncrypted>false</isEncrypted><isRequired>false</isRequired><length>255</length><name>NAME</name><precision>255</precision><primaryKey>false</primaryKey><scale>-1</scale><stagingName>NAME</stagingName></columns><columns><fieldType>STRING</fieldType><filterAccelerator>false</filterAccelerator><isEncrypted>false</isEncrypted><isRequired>false</isRequired><length>255</length><name>ADDRESS</name><precision>255</precision><primaryKey>false</primaryKey><scale>-1</scale><stagingName>ADDRESS</stagingName></columns><columns><fieldType>STRING</fieldType><filterAccelerator>false</filterAccelerator><isEncrypted>false</isEncrypted><isRequired>false</isRequired><length>255</length><name>ADDRESS2</name><precision>255</precision><primaryKey>false</primaryKey><scale>-1</scale><stagingName>ADDRESS2</stagingName></columns><columns><fieldType>STRING</fieldType><filterAccelerator>false</filterAccelerator><isEncrypted>false</isEncrypted><isRequired>false</isRequired><length>255</length><name>CITY</name><precision>255</precision><primaryKey>false</primaryKey><scale>-1</scale><stagingName>CITY</stagingName></columns><columns><fieldType>STRING</fieldType><filterAccelerator>false</filterAccelerator><isEncrypted>false</isEncrypted><isRequired>false</isRequired><length>255</length><name>STATE</name><precision>255</precision><primaryKey>false</primaryKey><scale>-1</scale><stagingName>STATE</stagingName></columns><columns><fieldType>STRING</fieldType><filterAccelerator>false</filterAccelerator><isEncrypted>false</isEncrypted><isRequired>false</isRequired><length>255</length><name>ZIPCODE</name><precision>255</precision><primaryKey>false</primaryKey><scale>-1</scale><stagingName>ZIPCODE</stagingName></columns><columns><fieldType>STRING</fieldType><filterAccelerator>false</filterAccelerator><isEncrypted>false</isEncrypted><isRequired>false</isRequired><length>255</length><name>COUNTRY</name><precision>255</precision><primaryKey>false</primaryKey><scale>-1</scale><stagingName>COUNTRY</stagingName></columns><columns><fieldType>STRING</fieldType><filterAccelerator>false</filterAccelerator><isEncrypted>false</isEncrypted><isRequired>false</isRequired><length>255</length><name>PHONE</name><precision>255</precision><primaryKey>false</primaryKey><scale>-1</scale><stagingName>PHONE</stagingName></columns><columns><fieldType>STRING</fieldType><filterAccelerator>false</filterAccelerator><isEncrypted>false</isEncrypted><isRequired>false</isRequired><length>255</length><name>EMAIL</name><precision>255</precision><primaryKey>false</primaryKey><scale>-1</scale><stagingName>EMAIL</stagingName></columns><columns><fieldType>STRING</fieldType><filterAccelerator>false</filterAccelerator><isEncrypted>false</isEncrypted><isRequired>false</isRequired><length>255</length><name>STATUS</name><precision>255</precision><primaryKey>false</primaryKey><scale>-1</scale><stagingName>STATUS</stagingName></columns><columns><fieldType>INT32</fieldType><filterAccelerator>false</filterAccelerator><isEncrypted>false</isEncrypted><isRequired>false</isRequired><length>-1</length><name>TIER</name><precision>-1</precision><primaryKey>false</primaryKey><scale>-1</scale><stagingName>TIER</stagingName></columns><columns><fieldType>STRING</fieldType><filterAccelerator>false</filterAccelerator><isEncrypted>false</isEncrypted><isRequired>false</isRequired><length>255</length><name>GENDER</name><precision>255</precision><primaryKey>false</primaryKey><scale>-1</scale><stagingName>GENDER</stagingName></columns><columns><fieldType>STRING</fieldType><filterAccelerator>false</filterAccelerator><isEncrypted>false</isEncrypted><isRequired>false</isRequired><length>255</length><name>DOB</name><precision>255</precision><primaryKey>false</primaryKey><scale>-1</scale><stagingName>DOB</stagingName></columns><columns><fieldType>STRING</fieldType><filterAccelerator>false</filterAccelerator><isEncrypted>false</isEncrypted><isRequired>false</isRequired><length>255</length><name>CC_TYPE</name><precision>255</precision><primaryKey>false</primaryKey><scale>-1</scale><stagingName>CC_TYPE</stagingName></columns><columns><fieldType>STRING</fieldType><filterAccelerator>false</filterAccelerator><isEncrypted>false</isEncrypted><isRequired>false</isRequired><length>255</length><name>CC_NUM</name><precision>255</precision><primaryKey>false</primaryKey><scale>-1</scale><stagingName>CC_NUM</stagingName></columns><columns><fieldType>STRING</fieldType><filterAccelerator>false</filterAccelerator><isEncrypted>false</isEncrypted><isRequired>false</isRequired><length>255</length><name>CC_EXP_DT</name><precision>255</precision><primaryKey>false</primaryKey><scale>-1</scale><stagingName>CC_EXP_DT</stagingName></columns><columns><fieldType>DATE_TIME</fieldType><filterAccelerator>false</filterAccelerator><isEncrypted>false</isEncrypted><isRequired>false</isRequired><length>-1</length><name>LAST_UPDT</name><precision>-1</precision><primaryKey>false</primaryKey><scale>0</scale><stagingName>LAST_UPDT</stagingName></columns><columns><fieldType>STRING</fieldType><filterAccelerator>false</filterAccelerator><isEncrypted>false</isEncrypted><isRequired>false</isRequired><length>255</length><name>CONSUMER</name><precision>255</precision><primaryKey>false</primaryKey><scale>-1</scale><stagingName>CONSUMER</stagingName></columns><columns><fieldType>PUBLICATION_DATE_FIELD_TYPE</fieldType><filterAccelerator>true</filterAccelerator><isEncrypted>false</isEncrypted><isRequired>true</isRequired><length>-1</length><name>DIH__PUBLICATION_INSTANCE_DATE</name><precision>-1</precision><primaryKey>false</primaryKey><scale>-1</scale><stagingName>DIH__PUBLICATION_INSTANCE_DATE</stagingName></columns><columns><fieldType>PUBLICATION_INSTANCE_ID_FIELD_TYPE</fieldType><filterAccelerator>true</filterAccelerator><isEncrypted>false</isEncrypted><isRequired>true</isRequired><length>19</length><name>DIH__PUBLICATION_INSTANCE_ID</name><precision>19</precision><primaryKey>false</primaryKey><scale>0</scale><stagingName>DIH__PUBLICATION_INSTANCE_ID</stagingName></columns><columns><fieldType>STRING</fieldType><filterAccelerator>false</filterAccelerator><isEncrypted>false</isEncrypted><isRequired>false</isRequired><length>255</length><name>OFFSET</name><precision>255</precision><primaryKey>false</primaryKey><scale>-1</scale><stagingName>OFFSET</stagingName></columns><name>Table</name><stagingName>Table__Adv_ce_104be43ae5e60</stagingName><utilityName>Table__Adv_ce_104be43ae5e60__DIHUTILITY</utilityName></tables></canonicalStructure><description></description><externalId>DIH__top_Adv_cert_topic</externalId><frsLocationPath>Adv Cert</frsLocationPath><isDefaultStorageLocation>true</isDefaultStorageLocation><isDeprecated>false</isDeprecated><isPartitioned>true</isPartitioned><isUnstructured>false</isUnstructured><publicationRepositoryType>RDBMS</publicationRepositoryType><retentionMaxLife>90</retentionMaxLife><retentionPeriod>7</retentionPeriod><topicType>Delta</topicType></DIHTopic>

</DXArchiveData>
