[{"@type":"mappingTemplate","id":"@1","name":"m_get_records","description":"","autoExpireObject":false,"bundleVersion":"0","assetFrsGuid":"0UbfBHJYEtFdvjA34RSl8d","templateId":"@3","deployTime":1734623900000,"hasParameters":false,"valid":true,"fixedConnection":true,"hasParametersDeployed":false,"fixedConnectionDeployed":true,"isSchemaValidationEnabled":false,"tasks":0,"mappingPreviewFileRecordId":"@2","documentType":"MAPPING","allowMaxFieldLength":false,"references":[{"@type":"reference","refObjectId":"@5a3XXyitcw8jwsDCl1J6iP","refType":"connection"},{"@type":"reference","refObjectId":"@4228s7VUHKjbSaBOxDElEi","refType":"connection"},{"@type":"reference","refObjectId":"@jQhWOrmHdY7d8r1sQ5DqyN","refType":"connection"},{"@type":"reference","refObjectId":"@5016o1Ayou6jv8qxF6v1QW","refType":"connection"},{"@type":"reference","refObjectId":"@1nFYm6Ht9WllSX5EWgM4wS","refType":"hschema"},{"@type":"reference","refObjectId":"@1CYNDfs0FG3d5kgkeBgAGw","refType":"connection"}]}]