[{"@type":"mtTask","id":"@1","name":"mct_publish_records","autoExpireObject":false,"runtimeEnvironmentId":"@9bveorHzSgkiXq7z6QyrOK","maxLogs":10,"verbose":false,"lastRunTime":1734623663000,"mappingId":"@82v71g7JpsdlLmnvSt4mIG","frsGuid":"6Y2A1PsofsgkTRK0r2ctc7","sessionPropertiesList":[{"name":"Pushdown Optimization","value":"None","recommended":false},{"name":"Pushdown Optimization Context","value":"None","recommended":false},{"name":"Pushdown Optimization Fallback Option","value":"Partial PDO","recommended":false}],"hidden":false,"enableCrossSchemaPushdown":true,"enableParallelRun":false,"autoTunedApplied":false,"autoTunedAppliedType":"NONE","schemaMode":"async","valid":true,"schemaValidationErrorCount":-1,"serverlessProperties":{},"taskProperties":[{"@type":"taskProperty","name":"parameterFileDir","currentValue":"","type":"STRING","label":"label.parameterFileDir","required":false},{"@type":"taskProperty","name":"parameterFileName","currentValue":"","type":"STRING","label":"label.parameterFileName","required":false},{"@type":"taskProperty","name":"outboundMessageUrlQueueTime","currentValue":"","type":"NUMBER","label":"label.outboundMessageUrlQueueTime","required":false},{"@type":"taskProperty","name":"outboundMessageUrlToken","currentValue":"","type":"STRING","label":"label.outboundMessageUrlToken","required":false}],"optimizationPlan":"NONE","isMidstreamPreview":false,"allowMaxFieldLength":false,"parameters":[{"@type":"mtTaskParameter","id":4527443,"name":"$s_paginated_api$","type":"H_SOURCE","label":"s_paginated_api","uiProperties":{"connectionParameterized":"false","isSelectDistinct":"false","isMsrcFilterParameterized":"false","objectParameterized":"false","visible":"false","originalPath":"s_paginated_api"},"sourceConnectionId":"@5a3XXyitcw8jwsDCl1J6iP","sourceObject":"get_records","newFlatFile":false,"newObject":false,"showBusinessNames":false,"naturalOrder":true,"truncateTarget":false,"bulkApiDBTarget":false,"customFuncCfg":{"@type":"customFuncConfig","id":-1,"connections":[],"inputMap":[],"outputFields":[]},"targetRefsV2":{},"targetUpdateColumns":[],"extendedObject":{"@type":"extendedObject","singleMode":true,"filters":[],"sortFields":[]},"runtimeAttrs":{},"isRESTModernSource":true,"requestXml":"{\n  \"offset\" : $$offset,\n  \"fetch\" : $$fetch\n}","commandType":0,"isFileList":false,"handleSpecialChars":false,"handleDecimalRoundOff":false,"frsAsset":false,"dynamicFileName":false,"excludeDynamicFileNameField":false,"currentlyProcessedFileName":false,"retainFieldMetadata":false,"objectName":"get_records","useExactSrcNames":false,"userUpdated":true,"metadataVersion":"45000060","fetchMode":"ORIGINAL","tgtObjectAttributes":{},"runtimeParameterData":{"@type":"mtTaskRuntimeParameterData","isConnectionRuntimeParameter":false,"isObjectRuntimeParameter":false},"overridableProperties":[],"overriddenFields":[]},{"@type":"mtTaskParameter","id":4527444,"name":"$t_hub$","type":"TARGET","label":"cih_param","description":"","uiProperties":{"cnxtype":"Cloud Integration Hub","connectionParameterized":"true","paramName":"cih_param","paramLabel":"","paramType-mapping":"Connection","logcnx":"cih_param","objlabel":"cih_obj_param","origobjlabel":"","objectParameterized":"true","objDesc":"","objectParamName":"cih_obj_param","objectParamType-mapping":"DataObject","defaultTargetUpdateColumns":"","supportApplyDDLChanges":"true","originalPath":"t_hub"},"targetConnectionId":"@1tjzYYn5XlecNp0AyIvWa3","targetObject":"Adv_cert_topic/Table","targetObjectLabel":"Adv_cert_topic/Table","newFlatFile":false,"newObject":false,"showBusinessNames":true,"naturalOrder":true,"truncateTarget":false,"bulkApiDBTarget":false,"operationType":"Insert","customFuncCfg":{"@type":"customFuncConfig","id":-1,"connections":[],"inputMap":[],"outputFields":[]},"targetRefsV2":{},"targetUpdateColumns":[],"extendedObject":{"@type":"extendedObject","singleMode":true,"filters":[],"sortFields":[]},"runtimeAttrs":{"Cloud Integration Hub Publication name":"CDI_Publish","Cloud Integration Hub Commit interval":"200"},"isRESTModernSource":true,"commandType":0,"isFileList":false,"handleSpecialChars":false,"handleDecimalRoundOff":false,"frsAsset":false,"dynamicFileName":false,"excludeDynamicFileNameField":false,"currentlyProcessedFileName":false,"retainFieldMetadata":false,"objectName":"Adv_cert_topic/Table","objectLabel":"Adv_cert_topic/Table","useExactSrcNames":false,"userUpdated":true,"fetchMode":"ORIGINAL","tgtObjectAttributes":{},"runtimeParameterData":{"@type":"mtTaskRuntimeParameterData","isConnectionRuntimeParameter":false,"isObjectRuntimeParameter":false,"connectionParameterName":"cih_param","objectParameterName":"cih_obj_param"},"overridableProperties":[],"overriddenFields":[]}],"sequences":[],"inOutParameters":[{"@type":"mtTaskInOutParameter","id":"-1","name":"offset","description":"","initialValue":"0","datatype":"INTEGER","precision":"10","scale":"0","retentionPolicy":"ON_SUCCESS_OR_WARNING","aggregationType":"COUNT","currentValue":"450"},{"@type":"mtTaskInOutParameter","id":"-1","name":"fetch","description":"","initialValue":"50","datatype":"INTEGER","precision":"10","scale":"0","retentionPolicy":"ON_SUCCESS_OR_WARNING","aggregationType":"COUNT","currentValue":"50"}],"connRuntimeAttrs":[]}]